path,bytes,md5
"raw/december enrollment/CPSC_Contract_Info_2018_12.csv",1052104,f9682817a20fbe5da928730fd0041890
"raw/december enrollment/CPSC_Enrollment_2018_12.zip",24490822,c1596d47ab9abf43d02cd97111261bf4
"raw/december enrollment/CPSC_Enrollment_2019_12/CPSC_Contract_Info_2019_12.csv",1186148,dcb2e900e264a715f88c09348dd3e4f6
"raw/december enrollment/CPSC_Enrollment_2019_12/CPSC_Enrollment_Info_2019_12.csv",136596505,10ec54080318705387bf3e8fba4d2075
"raw/december enrollment/CPSC_Enrollment_2019_12/Read_Me_CPSC_Enrollment_2019.txt",4555,032b9007b891cfcf04188222e16f0db1
"raw/december enrollment/CPSC_Enrollment_2020_12/CPSC_Contract_Info_2020_12.csv",1345706,74e105aae9ae9e74e90cd65fd265b96e
"raw/december enrollment/CPSC_Enrollment_2020_12/CPSC_Enrollment_Info_2020_12.csv",161181390,13c08a87455e11b6aecf8bf23075f6b1
"raw/december enrollment/CPSC_Enrollment_2020_12/Read_Me_CPSC_Enrollment_2020.txt",4654,bca363b2cb341463bb3640794b0a52fa
"raw/december enrollment/CPSC_Enrollment_2021_12/CPSC_Contract_Info_2021_12.csv",1463848,1bc9fea13869be0e0b61a6e89c860916
"raw/december enrollment/CPSC_Enrollment_2021_12/CPSC_Enrollment_Info_2021_12.csv",168801284,1e22aaea8c4afb174cd1ce9232dddbee
"raw/december enrollment/CPSC_Enrollment_2021_12/Read_Me_CPSC_Enrollment_2021.txt",4646,208d2d94fb8a53e2fb3fe32e73975149
"raw/december enrollment/CPSC_Enrollment_2022_12/CPSC_Contract_Info_2022_12.csv",1535021,2503872dcdf9e8fd6b65fa918ab7920f
"raw/december enrollment/CPSC_Enrollment_2022_12/CPSC_Enrollment_Info_2022_12.csv",178388485,d7b38c27c35bf58a56ec7574e464ef6a
"raw/december enrollment/CPSC_Enrollment_2022_12/Read_Me_CPSC_Enrollment_2022.txt",4646,208d2d94fb8a53e2fb3fe32e73975149
"raw/december enrollment/CPSC_Enrollment_2023_12/CPSC_Contract_Info_2023_12.csv",1642368,14c7070be2994e3232b2f94482f356e9
"raw/december enrollment/CPSC_Enrollment_2023_12/CPSC_Enrollment_Info_2023_12.csv",185906661,cfc77d5ebba1d33c81360b2c4c0da98c
"raw/december enrollment/CPSC_Enrollment_2023_12/Read_Me_CPSC_Enrollment_2023.txt",4648,dfde0598820e854bf4aaf18d78f96416
"raw/december enrollment/CPSC_Enrollment_2024_12/CPSC_Contract_Info_2024_12.csv",1621832,7c57b26d8ceb08e7c841d2de8cbe52cc
"raw/december enrollment/CPSC_Enrollment_2024_12/CPSC_Enrollment_Info_2024_12.csv",185931312,18b0a66795dbc37f17c26156178a94de
"raw/december enrollment/CPSC_Enrollment_2024_12/Read_Me_CPSC_Enrollment_2024.txt",4648,dfde0598820e854bf4aaf18d78f96416
"raw/december enrollment/CPSC_Enrollment_2025_12/CPSC_Contract_Info_2025_12.csv",1536703,93617a4716cfa472be3a6fbafe25d823
"raw/december enrollment/CPSC_Enrollment_2025_12/CPSC_Enrollment_Info_2025_12.csv",183543647,a46cc5d7acc8e8ac1e884224e79cbbda
"raw/december enrollment/CPSC_Enrollment_2025_12/Read_Me_CPSC_Enrollment_2025.txt",4654,180dec716e4a481ab44d3ae2b5be0b52
"raw/december enrollment/CPSC_Enrollment_Info_2018_12.csv",116123380,4139adeef39b4ea92ff316da89320630
"raw/december enrollment/Read_Me_CPSC_Enrollment_2018.txt",4555,1f84bc3a0cd559ab0a5e2cdb7137fe41
"raw/december enrollment/monthly-enrollment-cpsc-december-2019.zip",28794685,9a6e53c8d484d0f4aa632ace226907ae
"raw/december enrollment/monthly-enrollment-cpsc-december-2020.zip",34017571,eecccf2478381ee7a464b005152d0c77
"raw/december enrollment/monthly-enrollment-cpsc-december-2021.zip",35581977,2ce6baf3e4be6d753bee94e18c078655
"raw/december enrollment/monthly-enrollment-cpsc-december-2022.zip",37583853,5f96c8c8b085e3d89f20aedf2ad6a1f6
"raw/december enrollment/monthly-enrollment-cpsc-december-2023.zip",39362040,40e30f0e201dda9a474cf77bae8cb32b
"raw/december enrollment/monthly-enrollment-cpsc-december-2024.zip",38559737,c812a8b332ea2f143364990ac77e7e0d
"raw/december enrollment/monthly-enrollment-cpsc-december-2025.zip",38955854,623b124464a440ce8f3899d4c3d496a7
"raw/january enrollment/CPSC_Contract_Info_2018_01.csv",1071507,4a8389a61a4f3a17c3dec7bb155f05c8
"raw/january enrollment/CPSC_Contract_Info_2019_01.csv",1234950,36cb6b42129b6ca1999d426aed978d04
"raw/january enrollment/CPSC_Enrollment_2018_01.zip",24517139,8bce109f04128d36bbf170af44d3a83f
"raw/january enrollment/CPSC_Enrollment_2020_01/CPSC_Contract_Info_2020_01.csv",1349707,fd0f7d1dc8363d323fec428c931a5650
"raw/january enrollment/CPSC_Enrollment_2020_01/CPSC_Enrollment_Info_2020_01.csv",161007575,648ed07feaaff2a7f896945de2ab6e1f
"raw/january enrollment/CPSC_Enrollment_2020_01/Read_Me_CPSC_Enrollment_2020.txt",4557,137d883adff69e92d3d6a4066bb03dce
"raw/january enrollment/CPSC_Enrollment_2021_01/CPSC_Contract_Info_2021_01.csv",1462095,2d5ca578aaa9601819dce292db41154c
"raw/january enrollment/CPSC_Enrollment_2021_01/CPSC_Enrollment_Info_2021_01.csv",168650653,58cf6d39a3f6ac8445f45d9ec37b19a4
"raw/january enrollment/CPSC_Enrollment_2021_01/Read_Me_CPSC_Enrollment_2021.txt",4646,c19b3d746476c1cdcd33060671b282cd
"raw/january enrollment/CPSC_Enrollment_2022_01/CPSC_Contract_Info_2022_01.csv",1532914,107d0cc90371b3aa7bfedd482f3c204a
"raw/january enrollment/CPSC_Enrollment_2022_01/CPSC_Enrollment_Info_2022_01.csv",178360637,c0a3a887398ad64743d33c82a9a8896f
"raw/january enrollment/CPSC_Enrollment_2022_01/Read_Me_CPSC_Enrollment_2022.txt",4646,208d2d94fb8a53e2fb3fe32e73975149
"raw/january enrollment/CPSC_Enrollment_2023_01/CPSC_Contract_Info_2023_01.csv",1632612,176f1f886a2a671997fba4f606ffd69c
"raw/january enrollment/CPSC_Enrollment_2023_01/CPSC_Enrollment_Info_2023_01.csv",186253344,8233752b263aa26b103a15c085e5a0d3
"raw/january enrollment/CPSC_Enrollment_2023_01/Read_Me_CPSC_Enrollment_2023.txt",4803,6ec74f3afc8fb2d19c745a5ff7b8625c
"raw/january enrollment/CPSC_Enrollment_2024_01/CPSC_Contract_Info_2024_01.csv",1615660,03cf57e70cb4e338310d68652250f0c6
"raw/january enrollment/CPSC_Enrollment_2024_01/CPSC_Enrollment_Info_2024_01.csv",186750612,090f800aaf24f9a981c694c11d4c2789
"raw/january enrollment/CPSC_Enrollment_2024_01/Read_Me_CPSC_Enrollment_2024.txt",4648,dfde0598820e854bf4aaf18d78f96416
"raw/january enrollment/CPSC_Enrollment_2025_01/CPSC_Contract_Info_2025_01.csv",1534684,a3d2f6928da6b905578d3fa56ae6672f
"raw/january enrollment/CPSC_Enrollment_2025_01/CPSC_Enrollment_Info_2025_01.csv",184739854,57128988d4f160acb925bfa40e2c77df
"raw/january enrollment/CPSC_Enrollment_2025_01/Read_Me_CPSC_Enrollment_2025.txt",4849,3da9952dbae4adcae50a2a01c99ba033
"raw/january enrollment/CPSC_Enrollment_2026_01/CPSC_Enrollment_2026_01/CPSC_Contract_Info_2026_01.csv",1476508,da64ca36219647afc1bb79ba4b45dbc4
"raw/january enrollment/CPSC_Enrollment_2026_01/CPSC_Enrollment_2026_01/CPSC_Enrollment_Info_2026_01.csv",170352501,51671fb0f6461335895e2b9d3e6d9f82
"raw/january enrollment/CPSC_Enrollment_2026_01/CPSC_Enrollment_2026_01/Read_Me_CPSC_Enrollment_2026.txt",4876,1a4ef7e6b2c19137fbfdff37731c93ad
"raw/january enrollment/CPSC_Enrollment_Info_2018_01.csv",116339817,15999b347b54eb667691a3ccb8fcadcb
"raw/january enrollment/CPSC_Enrollment_Info_2019_01.csv",136454276,8e90364e480fade7f76bc3e75bfba044
"raw/january enrollment/Read_Me_CPSC_Enrollment_2018.txt",4728,4a0370b1c99986bbf41cb0704ad1e787
"raw/january enrollment/Read_Me_CPSC_Enrollment_2019.txt",4555,032b9007b891cfcf04188222e16f0db1
"raw/january enrollment/cpsc_enrollment_2019_01.zip",28768791,c8c333a4df1340c7e070276ece5ebfd1
"raw/january enrollment/monthly-enrollment-cpsc-january-2020.zip",33963375,c517358f356db301fd03ad12c400bd16
"raw/january enrollment/monthly-enrollment-cpsc-january-2021.zip",35550543,0baddf99923680cec4262ef968f4ed8b
"raw/january enrollment/monthly-enrollment-cpsc-january-2022.zip",37564828,5152056173b378f69db812de43897852
"raw/january enrollment/monthly-enrollment-cpsc-january-2023.zip",39171032,d891294234122a64817b994f4acd5fa6
"raw/january enrollment/monthly-enrollment-cpsc-january-2024.zip",39557232,df21fb352cb0736dff964805f08ae76e
"raw/january enrollment/monthly-enrollment-cpsc-january-2025.zip",38334688,3b33c88670b24a7f7028a90a699c575c
"raw/january enrollment/monthly-enrollment-cpsc-january-2026.zip",36168192,6fa1eaa9e60d4f4431beb2f9fd714a23
"raw/landscape/2006-2024/CY2006-CY2012_Landscape_and_Plan_and_Premium_Information_for_Medicare_Plans_Offering_Part_D/2006-2012-Plan-and-Premium-Information-for-Medicare-Plans-Offering-Part-D.zip",23855273,422d4e86651bd1e771b4f3396d919642
"raw/landscape/2006-2024/CY2006-CY2012_Landscape_and_Plan_and_Premium_Information_for_Medicare_Plans_Offering_Part_D/2006-2012-Plan-and-Premium-Information-for-Medicare-Plans-Offering-Part-D/PartDPremiumFile2006.zip",1628112,d105edda919dc05a13700af1d5fee61f
"raw/landscape/2006-2024/CY2006-CY2012_Landscape_and_Plan_and_Premium_Information_for_Medicare_Plans_Offering_Part_D/2006-2012-Plan-and-Premium-Information-for-Medicare-Plans-Offering-Part-D/PartDPremiumFile2007.zip",3766160,5069bf5dc7e5405438dbce52e4a5b1bf
"raw/landscape/2006-2024/CY2006-CY2012_Landscape_and_Plan_and_Premium_Information_for_Medicare_Plans_Offering_Part_D/2006-2012-Plan-and-Premium-Information-for-Medicare-Plans-Offering-Part-D/PartDPremiumFile2008.zip",6399898,e5964d5311fe47946c2e999e4d61805c
"raw/landscape/2006-2024/CY2006-CY2012_Landscape_and_Plan_and_Premium_Information_for_Medicare_Plans_Offering_Part_D/2006-2012-Plan-and-Premium-Information-for-Medicare-Plans-Offering-Part-D/PartDPremiumFile2009.zip",5019516,4b9100a2207a5a58b90fcd26458d97f1
"raw/landscape/2006-2024/CY2006-CY2012_Landscape_and_Plan_and_Premium_Information_for_Medicare_Plans_Offering_Part_D/2006-2012-Plan-and-Premium-Information-for-Medicare-Plans-Offering-Part-D/PartDPremiumFile2010.zip",4831010,3013cf9b785822fe1a01b3d39e3b2abd
"raw/landscape/2006-2024/CY2006-CY2012_Landscape_and_Plan_and_Premium_Information_for_Medicare_Plans_Offering_Part_D/2006-2012-Plan-and-Premium-Information-for-Medicare-Plans-Offering-Part-D/PartDPremiumFile2011.zip",3033414,c42f69f8537bf1389d5fb31446b6bf7f
"raw/landscape/2006-2024/CY2006-CY2012_Landscape_and_Plan_and_Premium_Information_for_Medicare_Plans_Offering_Part_D/2006-2012-Plan-and-Premium-Information-for-Medicare-Plans-Offering-Part-D/PartDPremiumFile2012.zip",3099418,7479f7aa92500ed205deaff84d74a3a2
"raw/landscape/2006-2024/CY2006-CY2012_Landscape_and_Plan_and_Premium_Information_for_Medicare_Plans_Offering_Part_D/2007-2012-PDP-MA-and-SNP-Landscape-Files.zip",22835826,e2fe1c3ebdea451ada500577d6993ba3
"raw/landscape/2006-2024/CY2006-CY2012_Landscape_and_Plan_and_Premium_Information_for_Medicare_Plans_Offering_Part_D/2011-2012_MA_Premium_Summary_PDF_091611.zip",1856603,fdd4ae3d7be4d0c23387e7f18d818313
"raw/landscape/2006-2024/CY2006-CY2012_Landscape_and_Plan_and_Premium_Information_for_Medicare_Plans_Offering_Part_D/2011-2012_MA_Premium_Summary_PDF_091611/AKPremiums.2yr.pdf",30156,fa2af01ccaa9f4a84de05bafe1814687
"raw/landscape/2006-2024/CY2006-CY2012_Landscape_and_Plan_and_Premium_Information_for_Medicare_Plans_Offering_Part_D/2011-2012_MA_Premium_Summary_PDF_091611/ALPremiums.2yr.pdf",40377,927970821fd0f50bdac3be8127557c7a
"raw/landscape/2006-2024/CY2006-CY2012_Landscape_and_Plan_and_Premium_Information_for_Medicare_Plans_Offering_Part_D/2011-2012_MA_Premium_Summary_PDF_091611/ARPremiums.2yr.pdf",42116,04f3ddbc196f7590e492b1c06c8c56e6
"raw/landscape/2006-2024/CY2006-CY2012_Landscape_and_Plan_and_Premium_Information_for_Medicare_Plans_Offering_Part_D/2011-2012_MA_Premium_Summary_PDF_091611/AZPremiums.2yr.pdf",28473,553a6897e15abe19a590e37f1465c2ff
"raw/landscape/2006-2024/CY2006-CY2012_Landscape_and_Plan_and_Premium_Information_for_Medicare_Plans_Offering_Part_D/2011-2012_MA_Premium_Summary_PDF_091611/CAPremiums.2yr.pdf",37561,b50ffa79d3eafa09bfb1c1877de94424
"raw/landscape/2006-2024/CY2006-CY2012_Landscape_and_Plan_and_Premium_Information_for_Medicare_Plans_Offering_Part_D/2011-2012_MA_Premium_Summary_PDF_091611/COPremiums.2yr.pdf",38341,986994693bacff4c0f514587b9ed9165
"raw/landscape/2006-2024/CY2006-CY2012_Landscape_and_Plan_and_Premium_Information_for_Medicare_Plans_Offering_Part_D/2011-2012_MA_Premium_Summary_PDF_091611/CTPremiums.2yr.pdf",26239,94111ae3fdfe4b06101135a801ae1f8c
"raw/landscape/2006-2024/CY2006-CY2012_Landscape_and_Plan_and_Premium_Information_for_Medicare_Plans_Offering_Part_D/2011-2012_MA_Premium_Summary_PDF_091611/DCPremiums.2yr.pdf",22341,562116b2c2c996c4c67dae35da161bad
"raw/landscape/2006-2024/CY2006-CY2012_Landscape_and_Plan_and_Premium_Information_for_Medicare_Plans_Offering_Part_D/2011-2012_MA_Premium_Summary_PDF_091611/DEPremiums.2yr.pdf",24877,3bc08e0b58d054689d74841d880d17e9
"raw/landscape/2006-2024/CY2006-CY2012_Landscape_and_Plan_and_Premium_Information_for_Medicare_Plans_Offering_Part_D/2011-2012_MA_Premium_Summary_PDF_091611/FLPremiums.2yr.pdf",40324,0acf8705d2cce401b8bb8cf570714a22
"raw/landscape/2006-2024/CY2006-CY2012_Landscape_and_Plan_and_Premium_Information_for_Medicare_Plans_Offering_Part_D/2011-2012_MA_Premium_Summary_PDF_091611/GAPremiums.2yr.pdf",58449,8755d6043d7ef0624b2467806ea7901e
"raw/landscape/2006-2024/CY2006-CY2012_Landscape_and_Plan_and_Premium_Information_for_Medicare_Plans_Offering_Part_D/2011-2012_MA_Premium_Summary_PDF_091611/HIPremiums.2yr.pdf",25195,34d81f41847f9bf0b1faff0197b1b3c8
"raw/landscape/2006-2024/CY2006-CY2012_Landscape_and_Plan_and_Premium_Information_for_Medicare_Plans_Offering_Part_D/2011-2012_MA_Premium_Summary_PDF_091611/IAPremiums.2yr.pdf",46593,5b50440fa939e15d9e2a242490b5aaab
"raw/landscape/2006-2024/CY2006-CY2012_Landscape_and_Plan_and_Premium_Information_for_Medicare_Plans_Offering_Part_D/2011-2012_MA_Premium_Summary_PDF_091611/IDPremiums.2yr.pdf",34723,949292d656e324beaccfb62d954112cb
"raw/landscape/2006-2024/CY2006-CY2012_Landscape_and_Plan_and_Premium_Information_for_Medicare_Plans_Offering_Part_D/2011-2012_MA_Premium_Summary_PDF_091611/ILPremiums.2yr.pdf",47420,906e5a3643967833a9a3738694a6ffb6
"raw/landscape/2006-2024/CY2006-CY2012_Landscape_and_Plan_and_Premium_Information_for_Medicare_Plans_Offering_Part_D/2011-2012_MA_Premium_Summary_PDF_091611/INPremiums.2yr.pdf",45209,5b7cf95fdb9967d694e0f901aa23da01
"raw/landscape/2006-2024/CY2006-CY2012_Landscape_and_Plan_and_Premium_Information_for_Medicare_Plans_Offering_Part_D/2011-2012_MA_Premium_Summary_PDF_091611/KSPremiums.2yr.pdf",46923,f62967f4e0fde6cf8e01e93c2b56ba90
"raw/landscape/2006-2024/CY2006-CY2012_Landscape_and_Plan_and_Premium_Information_for_Medicare_Plans_Offering_Part_D/2011-2012_MA_Premium_Summary_PDF_091611/KYPremiums.2yr.pdf",50944,ff2e91388b64aeda343078b50c04f1ce
"raw/landscape/2006-2024/CY2006-CY2012_Landscape_and_Plan_and_Premium_Information_for_Medicare_Plans_Offering_Part_D/2011-2012_MA_Premium_Summary_PDF_091611/LAPremiums.2yr.pdf",39862,8f9cabe362a54df77a39663997e7dca1
"raw/landscape/2006-2024/CY2006-CY2012_Landscape_and_Plan_and_Premium_Information_for_Medicare_Plans_Offering_Part_D/2011-2012_MA_Premium_Summary_PDF_091611/MAPremiums.2yr.pdf",28865,e191eb75e2fcb777ccdca3c89467fe88
"raw/landscape/2006-2024/CY2006-CY2012_Landscape_and_Plan_and_Premium_Information_for_Medicare_Plans_Offering_Part_D/2011-2012_MA_Premium_Summary_PDF_091611/MDPremiums.2yr.pdf",30958,f4bd576aba5e0fd6c43dc824052d7e90
"raw/landscape/2006-2024/CY2006-CY2012_Landscape_and_Plan_and_Premium_Information_for_Medicare_Plans_Offering_Part_D/2011-2012_MA_Premium_Summary_PDF_091611/MEPremiums.2yr.pdf",29787,6ab4dacff20e2616992f1173ee7a385a
"raw/landscape/2006-2024/CY2006-CY2012_Landscape_and_Plan_and_Premium_Information_for_Medicare_Plans_Offering_Part_D/2011-2012_MA_Premium_Summary_PDF_091611/MIPremiums.2yr.pdf",43982,666f8bd3141c6d54ec6d82544997adb8
"raw/landscape/2006-2024/CY2006-CY2012_Landscape_and_Plan_and_Premium_Information_for_Medicare_Plans_Offering_Part_D/2011-2012_MA_Premium_Summary_PDF_091611/MNPremiums.2yr.pdf",43887,b7e1584ba6998933efdc86cd426548ce
"raw/landscape/2006-2024/CY2006-CY2012_Landscape_and_Plan_and_Premium_Information_for_Medicare_Plans_Offering_Part_D/2011-2012_MA_Premium_Summary_PDF_091611/MOPremiums.2yr.pdf",49172,9c2665f73decb72dd4f6bfe552b4a6b8
"raw/landscape/2006-2024/CY2006-CY2012_Landscape_and_Plan_and_Premium_Information_for_Medicare_Plans_Offering_Part_D/2011-2012_MA_Premium_Summary_PDF_091611/MSPremiums.2yr.pdf",43791,e90e11aa0e3f594c1fc3bbae9af8996f
"raw/landscape/2006-2024/CY2006-CY2012_Landscape_and_Plan_and_Premium_Information_for_Medicare_Plans_Offering_Part_D/2011-2012_MA_Premium_Summary_PDF_091611/MTPremiums.2yr.pdf",37244,2c677ec0aa9ba650961b50a37fdbb1c0
"raw/landscape/2006-2024/CY2006-CY2012_Landscape_and_Plan_and_Premium_Information_for_Medicare_Plans_Offering_Part_D/2011-2012_MA_Premium_Summary_PDF_091611/NCPremiums.2yr.pdf",46851,0fe58dd179b397f606decc8467e523d8
"raw/landscape/2006-2024/CY2006-CY2012_Landscape_and_Plan_and_Premium_Information_for_Medicare_Plans_Offering_Part_D/2011-2012_MA_Premium_Summary_PDF_091611/NDPremiums.2yr.pdf",36670,901e9f1621e3cadd44bf75b7333c8ff5
"raw/landscape/2006-2024/CY2006-CY2012_Landscape_and_Plan_and_Premium_Information_for_Medicare_Plans_Offering_Part_D/2011-2012_MA_Premium_Summary_PDF_091611/NEPremiums.2yr.pdf",45043,21f911eba797a1a74a3dc38e9ce3222b
"raw/landscape/2006-2024/CY2006-CY2012_Landscape_and_Plan_and_Premium_Information_for_Medicare_Plans_Offering_Part_D/2011-2012_MA_Premium_Summary_PDF_091611/NHPremiums.2yr.pdf",27687,55f456981fd1d48ba6fd85d87ad94c9f
"raw/landscape/2006-2024/CY2006-CY2012_Landscape_and_Plan_and_Premium_Information_for_Medicare_Plans_Offering_Part_D/2011-2012_MA_Premium_Summary_PDF_091611/NJPremiums.2yr.pdf",29980,abf3d056486ec55cbc47746704898fde
"raw/landscape/2006-2024/CY2006-CY2012_Landscape_and_Plan_and_Premium_Information_for_Medicare_Plans_Offering_Part_D/2011-2012_MA_Premium_Summary_PDF_091611/NMPremiums.2yr.pdf",33404,e09b4448d0f8c420aed74e50a2894344
"raw/landscape/2006-2024/CY2006-CY2012_Landscape_and_Plan_and_Premium_Information_for_Medicare_Plans_Offering_Part_D/2011-2012_MA_Premium_Summary_PDF_091611/NVPremiums.2yr.pdf",29293,27febc44d374273ef8e2768bf975845b
"raw/landscape/2006-2024/CY2006-CY2012_Landscape_and_Plan_and_Premium_Information_for_Medicare_Plans_Offering_Part_D/2011-2012_MA_Premium_Summary_PDF_091611/NYPremiums.2yr.pdf",39900,58ffb145c4cbc22694c78e104d462f3e
"raw/landscape/2006-2024/CY2006-CY2012_Landscape_and_Plan_and_Premium_Information_for_Medicare_Plans_Offering_Part_D/2011-2012_MA_Premium_Summary_PDF_091611/OHPremiums.2yr.pdf",44417,5ff8d616f3bdcfe461a2cd8ab8441e9d
"raw/landscape/2006-2024/CY2006-CY2012_Landscape_and_Plan_and_Premium_Information_for_Medicare_Plans_Offering_Part_D/2011-2012_MA_Premium_Summary_PDF_091611/OKPremiums.2yr.pdf",42530,c4ce9088830b2e99c38d9a7f86cec757
"raw/landscape/2006-2024/CY2006-CY2012_Landscape_and_Plan_and_Premium_Information_for_Medicare_Plans_Offering_Part_D/2011-2012_MA_Premium_Summary_PDF_091611/ORPremiums.2yr.pdf",33037,67445d6b20b20821d9a6e2330b8c4d92
"raw/landscape/2006-2024/CY2006-CY2012_Landscape_and_Plan_and_Premium_Information_for_Medicare_Plans_Offering_Part_D/2011-2012_MA_Premium_Summary_PDF_091611/PAPremiums.2yr.pdf",40589,fbfbfcebbacbad0d239f60c762091e74
"raw/landscape/2006-2024/CY2006-CY2012_Landscape_and_Plan_and_Premium_Information_for_Medicare_Plans_Offering_Part_D/2011-2012_MA_Premium_Summary_PDF_091611/RIPremiums.2yr.pdf",25887,d53b3c370e8ef118d52a3e377c0ed41c
"raw/landscape/2006-2024/CY2006-CY2012_Landscape_and_Plan_and_Premium_Information_for_Medicare_Plans_Offering_Part_D/2011-2012_MA_Premium_Summary_PDF_091611/SCPremiums.2yr.pdf",35312,57a3f4c8e6cfc9540397e32131afd85d
"raw/landscape/2006-2024/CY2006-CY2012_Landscape_and_Plan_and_Premium_Information_for_Medicare_Plans_Offering_Part_D/2011-2012_MA_Premium_Summary_PDF_091611/SDPremiums.2yr.pdf",40519,197802197f515c0a1d2b91d59b1b875b
"raw/landscape/2006-2024/CY2006-CY2012_Landscape_and_Plan_and_Premium_Information_for_Medicare_Plans_Offering_Part_D/2011-2012_MA_Premium_Summary_PDF_091611/TNPremiums.2yr.pdf",45874,b36946e8f5b1efde0fb067f5f12212d7
"raw/landscape/2006-2024/CY2006-CY2012_Landscape_and_Plan_and_Premium_Information_for_Medicare_Plans_Offering_Part_D/2011-2012_MA_Premium_Summary_PDF_091611/TXPremiums.2yr.pdf",77900,bdc679bb93504d33efcbef63b7c94dfa
"raw/landscape/2006-2024/CY2006-CY2012_Landscape_and_Plan_and_Premium_Information_for_Medicare_Plans_Offering_Part_D/2011-2012_MA_Premium_Summary_PDF_091611/USAPremium.2yr.pdf",48429,5a6c4cb49f018a63ef3599caca0dd38d
"raw/landscape/2006-2024/CY2006-CY2012_Landscape_and_Plan_and_Premium_Information_for_Medicare_Plans_Offering_Part_D/2011-2012_MA_Premium_Summary_PDF_091611/UTPremiums.2yr.pdf",32069,6f8eaa0f9c1a74ff82cdfc3a3fc824e6
"raw/landscape/2006-2024/CY2006-CY2012_Landscape_and_Plan_and_Premium_Information_for_Medicare_Plans_Offering_Part_D/2011-2012_MA_Premium_Summary_PDF_091611/VAPremiums.2yr.pdf",55082,c28711d5c6f4040d6608516bd7693784
"raw/landscape/2006-2024/CY2006-CY2012_Landscape_and_Plan_and_Premium_Information_for_Medicare_Plans_Offering_Part_D/2011-2012_MA_Premium_Summary_PDF_091611/VTPremiums.2yr.pdf",29034,aa582ac478ac575a051582798b213630
"raw/landscape/2006-2024/CY2006-CY2012_Landscape_and_Plan_and_Premium_Information_for_Medicare_Plans_Offering_Part_D/2011-2012_MA_Premium_Summary_PDF_091611/WAPremiums.2yr.pdf",33892,62ca67e26ba467014a2194d4875ec395
"raw/landscape/2006-2024/CY2006-CY2012_Landscape_and_Plan_and_Premium_Information_for_Medicare_Plans_Offering_Part_D/2011-2012_MA_Premium_Summary_PDF_091611/WIPremiums.2yr.pdf",41869,9e57466689c01536242ee4cb23733c14
"raw/landscape/2006-2024/CY2006-CY2012_Landscape_and_Plan_and_Premium_Information_for_Medicare_Plans_Offering_Part_D/2011-2012_MA_Premium_Summary_PDF_091611/WVPremiums.2yr.pdf",37212,7646b2cb98d2828dbe879df20862c84b
"raw/landscape/2006-2024/CY2006-CY2012_Landscape_and_Plan_and_Premium_Information_for_Medicare_Plans_Offering_Part_D/2011-2012_MA_Premium_Summary_PDF_091611/WYPremiums.2yr.pdf",30637,60d4f288684a1a66d524b5d23567fac7
"raw/landscape/2006-2024/CY2006-CY2012_Landscape_and_Plan_and_Premium_Information_for_Medicare_Plans_Offering_Part_D/Landscape_files_07_08_09_10_11_12/Landscape_PDP_MA_SNP_2007.zip",2955546,648db46a6dca14db676afe4aaa3c08fe
"raw/landscape/2006-2024/CY2006-CY2012_Landscape_and_Plan_and_Premium_Information_for_Medicare_Plans_Offering_Part_D/Landscape_files_07_08_09_10_11_12/Landscape_PDP_MA_SNP_2008.zip",5904185,b580501e04b5f47b3aa2db7a2341a5c8
"raw/landscape/2006-2024/CY2006-CY2012_Landscape_and_Plan_and_Premium_Information_for_Medicare_Plans_Offering_Part_D/Landscape_files_07_08_09_10_11_12/Landscape_PDP_MA_SNP_2009.zip",5085438,28772853078cd40cc6dd034e72c88df6
"raw/landscape/2006-2024/CY2006-CY2012_Landscape_and_Plan_and_Premium_Information_for_Medicare_Plans_Offering_Part_D/Landscape_files_07_08_09_10_11_12/Landscape_PDP_MA_SNP_2010.zip",3947509,ac19517f7ea075f3de3dcd708f1557d9
"raw/landscape/2006-2024/CY2006-CY2012_Landscape_and_Plan_and_Premium_Information_for_Medicare_Plans_Offering_Part_D/Landscape_files_07_08_09_10_11_12/Landscape_PDP_MA_SNP_2011.zip",2311554,ab181f3ffa28e6bc6fc99a2a8a1fea26
"raw/landscape/2006-2024/CY2006-CY2012_Landscape_and_Plan_and_Premium_Information_for_Medicare_Plans_Offering_Part_D/Landscape_files_07_08_09_10_11_12/Landscape_PDP_MA_SNP_2012.zip",2628379,3106c41c4c3b9689a244fe99dc13006a
"raw/landscape/2006-2024/CY2013-CY2021_Landscape_and_Plan_and_Premium_for_Medicare_Plans_Offering_Part_D/2013 Landscape and Plan and Premium Files For Medicare Plans Offering Part D Coverage.zip",5657765,79729275e0097073e65449851fe182ad
"raw/landscape/2006-2024/CY2013-CY2021_Landscape_and_Plan_and_Premium_for_Medicare_Plans_Offering_Part_D/2014 Landscape and Plan and Premium Files For Medicare Plans Offering Part D Coverage.zip",5848712,bf9a31b0a4e7a4f91e2277d8482aa8e6
"raw/landscape/2006-2024/CY2013-CY2021_Landscape_and_Plan_and_Premium_for_Medicare_Plans_Offering_Part_D/2015 Landscape and Plan and Premium Files For Medicare Plans Offering Part D Coverage.zip",6277948,091f8957cc05a4654eca0294ac729563
"raw/landscape/2006-2024/CY2013-CY2021_Landscape_and_Plan_and_Premium_for_Medicare_Plans_Offering_Part_D/2016 Landscape and Plan and Premium Files For Medicare Plans Offering Part D Coverage.zip",5111866,905d63b1ebae2571b88f191a141fab5d
"raw/landscape/2006-2024/CY2013-CY2021_Landscape_and_Plan_and_Premium_for_Medicare_Plans_Offering_Part_D/2017 Landscape and Plan and Premium Files For Medicare Plans Offering Part D Coverage.zip",5893443,48ebb1f368a242df69cb1ad1a6136f0c
"raw/landscape/2006-2024/CY2013-CY2021_Landscape_and_Plan_and_Premium_for_Medicare_Plans_Offering_Part_D/2018 Landscape and Plan and Premium Files for Medicare Plans Offering Part D Coverage.zip",6879545,f399ec81d10a2faa18f2679a3724339f
"raw/landscape/2006-2024/CY2013-CY2021_Landscape_and_Plan_and_Premium_for_Medicare_Plans_Offering_Part_D/2019 Landscape and Plan and Premium Files for Medicare Plans Offering Part D Coverage.zip",9188175,770b29b7fd8d2db969e5685b6fcf67ce
"raw/landscape/2006-2024/CY2013-CY2021_Landscape_and_Plan_and_Premium_for_Medicare_Plans_Offering_Part_D/2020 Landscape and Plan and Premium Files For Medicare Plans Offering Part D Coverage.zip",11418914,16e861ad8b270af32f6234189a4ff50a
"raw/landscape/2006-2024/CY2013-CY2021_Landscape_and_Plan_and_Premium_for_Medicare_Plans_Offering_Part_D/2021 Landscape and Plan and Premium for Medicare Plans Offering Part D.zip",18222919,fa0084aad451ecdf3a30af9ff1cb0e4c
"raw/landscape/2006-2024/CY2022-CY2024_Landscape_Files/CY2022_Landscape_Files_Final_(v10 26 2021).zip",21441064,6248423c435ab2e59371fe323ff0d192
"raw/landscape/2006-2024/CY2022-CY2024_Landscape_Files/CY2023_Landscape_Files_Final_(v10 14 2022).zip",27689771,c1010fae8b998d77f095d4ab4145d816
"raw/landscape/2006-2024/CY2022-CY2024_Landscape_Files/CY2024_Landscape_Files_Final_20240723.zip",14627387,ee4bc803a1e82d8d3e75a00d959331f2
"raw/landscape/CY2013/MA_Source2013 11212012.zip",2270079,32c822981816104476c6baeffb242c6d
"raw/landscape/CY2013/MA_Source2013 11212012/2013LandscapeSource file MA 11212012.xls",9697280,3b135cfe8ce92f86f023ef8ce1cc607a
"raw/landscape/CY2013/MA_Source2013 11212012/2013LandscapeSource file MA_AtoM 11212012.csv",3052660,69348e9c34f560175893c67bdbd15f2c
"raw/landscape/CY2013/MA_Source2013 11212012/2013LandscapeSource file MA_NtoW 11212012.csv",3524396,6cdc3e7af2b594b62b6950985619832f
"raw/landscape/CY2013/PDP_Source2013 04252013.zip",82834,ff030f07f08d32eff1c5951bd0d3081f
"raw/landscape/CY2013/Premium_Source_2013 04252013v1.zip",3474738,dafa3e4167dc70a5a07a57c9a13a7e5a
"raw/landscape/CY2013/SNP_Source 2013 11212012.zip",1005924,b60dc707d739cceab8c4a1ada9ee98f7
"raw/landscape/CY2013/SNP_Source 2013 11212012/2013LandscapeSource file SNP 11212012.csv",2306881,87e16d5303ac9910d8849201348d93ca
"raw/landscape/CY2013/SNP_Source 2013 11212012/2013LandscapeSource file SNP 11212012.xls",4844544,89a5cc19031b7e00fe1c404c048bfc5f
"raw/landscape/CY2014/2014 Landscape Source Files (v.09.15.15).zip",3444370,4f639a11b50ce17268eef35b9b5ff664
"raw/landscape/CY2014/2014 Landscape Source Files (v.09.15.15)/MA_Source2014 05292014.zip",3239978,3a398e63ee7b08f9a7fb38ef90f6073e
"raw/landscape/CY2014/2014 Landscape Source Files (v.09.15.15)/MA_Source2014 05292014/2014LandscapeSource file MA 05292014.xls",15580672,f886ab56809e541aa772b1f0dafea273
"raw/landscape/CY2014/2014 Landscape Source Files (v.09.15.15)/MA_Source2014 05292014/2014LandscapeSource file MA_AtoM 05292014.csv",2836412,5bc8e9d149ec4f30b3fdf89c21c13cd3
"raw/landscape/CY2014/2014 Landscape Source Files (v.09.15.15)/MA_Source2014 05292014/2014LandscapeSource file MA_NtoW 05292014.csv",3188437,d875825900bf4e3d24e90cf0ea10f70f
"raw/landscape/CY2014/2014 Landscape Source Files (v.09.15.15)/MA_Source2014 05292014/2014LandscapeSource file MA_sanctioned 05292014.csv",17528,bcad19bacf7ddc0d142e2b0d7711e440
"raw/landscape/CY2014/2014 Landscape Source Files (v.09.15.15)/MMP_Source2014 10212013.zip",58000,e973fa27522824c47f3fd9815f196717
"raw/landscape/CY2014/2014 Landscape Source Files (v.09.15.15)/PDP_Source2014 05292014.zip",173769,b9b604370f154183f88dbccf7cb5cc2b
"raw/landscape/CY2014/2014 Landscape Source Files (v.09.15.15)/SNP_Source2014 01292014.zip",700270,ac70b561b94c3a327cdc9901d81b50fa
"raw/landscape/CY2014/2014 Landscape Source Files (v.09.15.15)/SNP_Source2014 01292014/2014LandscapeSource file SNP 01292014.csv",1546563,ad52efd129a09d14de5f126b3cd748e1
"raw/landscape/CY2014/2014 Landscape Source Files (v.09.15.15)/SNP_Source2014 01292014/2014LandscapeSource file SNP 01292014.xls",3340800,d97e474039d4c411c881b3cdaebcd4a8
"raw/landscape/CY2014/2014 Landscape Source Files (v.09.15.15)/SNP_Source2014 01292014/2014LandscapeSource file SNP sanctioned 01292014.csv",2501,aa981f7b9ece5c5b1439bce33786568f
"raw/landscape/CY2014/Premium_Source2014 05292014.zip",2867359,372f29a19d433ecbd7b6fc6d3e7d857a
"raw/landscape/CY2015/2015 Landscape Source Files (v 3 18 15).zip",3921337,4b408fe953678bc0c94d0a5b403926df
"raw/landscape/CY2015/2015 Landscape Source Files (v 3 18 15)/2015 MA Landscape Source FIles (v 3 18 15).zip",3722301,abaa65147be687915f270d5a77d90410
"raw/landscape/CY2015/2015 Landscape Source Files (v 3 18 15)/2015 MA Landscape Source FIles (v 3 18 15)/2015LandscapeSource file MA 03182015.xls",18200064,0dea665a41e8df5dcb41468bce4be43e
"raw/landscape/CY2015/2015 Landscape Source Files (v 3 18 15)/2015 MA Landscape Source FIles (v 3 18 15)/2015LandscapeSource file MA_AtoM 03182015.csv",2304100,c73401ee9d8a3c6a2449f765ad399932
"raw/landscape/CY2015/2015 Landscape Source Files (v 3 18 15)/2015 MA Landscape Source FIles (v 3 18 15)/2015LandscapeSource file MA_NtoW 03182015.csv",2651773,6ea7dc721ee7b109e6699c1fb2d7066f
"raw/landscape/CY2015/2015 Landscape Source Files (v 3 18 15)/2015 MA Landscape Source FIles (v 3 18 15)/2015LandscapeSource file MA_sanctioned 03182015.csv",47479,4a672d0b3d1d670d6a3e32948a1e6cc1
"raw/landscape/CY2015/2015 Landscape Source Files (v 3 18 15)/2015 MMP Landscape Source Files (v 3 18 15).zip",148059,d3f3f53dd1d3728307112a63ea1ec280
"raw/landscape/CY2015/2015 Landscape Source Files (v 3 18 15)/2015 PDP Landscape Source FIles (v 10 15 14).zip",107663,e8eaf84d591550d1dace8bb4058ee5b2
"raw/landscape/CY2015/2015 Landscape Source Files (v 3 18 15)/2015 SNP Landscape Source FIles (v 11 04 14).zip",753100,e8b48a4d0f6c58094ae99020b1bb4e66
"raw/landscape/CY2015/2015 Landscape Source Files (v 3 18 15)/2015 SNP Landscape Source FIles (v 11 04 14)/2015LandscapeSource file SNP 11042014.csv",1544316,39cb17c78ee604c63a09f1fcddb28c58
"raw/landscape/CY2015/2015 Landscape Source Files (v 3 18 15)/2015 SNP Landscape Source FIles (v 11 04 14)/2015LandscapeSource file SNP 11042014.xls",3670528,a4db2a456960952bec6b3733388a0870
"raw/landscape/CY2015/2015 Landscape Source Files (v 3 18 15)/2015 SNP Landscape Source FIles (v 11 04 14)/2015LandscapeSource file SNP sanctioned 11042014.csv",2601,99e2286e48ba829a64dd19f63d7ff7df
"raw/landscape/CY2015/2015 Plan and Premium Information for Medicare Plans Offering Part D Coverage (v2018).zip",2778787,76dfe462ef6e6c7a2b02a62cb2f53730
"raw/landscape/CY2016/2016 MA Landscape Source Files (v 04 22 16).zip",2040915,04c275727219fc92775d19cbe95d0f63
"raw/landscape/CY2016/2016 MA Landscape Source Files (v 04 22 16)/2016LandscapeSource file MA 04222016.xls",9066496,1e269b0f4e14f315f5bde57d8d3f10b0
"raw/landscape/CY2016/2016 MA Landscape Source Files (v 04 22 16)/2016LandscapeSource file MA_AtoM 04222016.csv",2735851,1091186e0fda728222e6c1003da4a40f
"raw/landscape/CY2016/2016 MA Landscape Source Files (v 04 22 16)/2016LandscapeSource file MA_NtoW 04222016.csv",2706727,5957e18c56f82fc2574286804154f90a
"raw/landscape/CY2016/2016 MA Landscape Source Files (v 04 22 16)/2016LandscapeSource file MA_Sanctioned 04222016.csv",104728,6039a5503b9d6ad71900e3d02d2ea880
"raw/landscape/CY2016/2016 MMP Landscape Source Files (v 04 22 16).zip",292991,c9184a4b9c85ca372fedaa10e6cb072d
"raw/landscape/CY2016/2016 PDP Landscape Source Files (v 04 22 16).zip",447124,df0b526e3768626517461e779e80e887
"raw/landscape/CY2016/2016 Plan and Premium Information for Medicare Plans Offering Part D Coverage (v4 22 16).zip",2903570,9f615990f11f4f0151e98425d83e8c96
"raw/landscape/CY2016/2016 SNP Landscape Source Files (v 04 22 16).zip",753370,b89e133bd229476584cddbde6b4b5e0c
"raw/landscape/CY2016/2016 SNP Landscape Source Files (v 04 22 16)/2016LandscapeSource file SNP 04222016.csv",1497303,7f5b1b99e4fa9ac2cf4cd256942c9a97
"raw/landscape/CY2016/2016 SNP Landscape Source Files (v 04 22 16)/2016LandscapeSource file SNP sanctioned 04222016.csv",50987,a9af3255ed5fa1f4dc6d2d832f8af73b
"raw/landscape/CY2016/2016 SNP Landscape Source Files (v 04 22 16)/2016LandscapeSource file SNP04222016.xls",3674624,768e1d29fa7c298f64ed8b65c668d1d8
"raw/landscape/CY2017/2017 MA Landscape Source Files (v 10 18 16).zip",3143583,5c582967d51a1fddb5f07cb85c9e4d5a
"raw/landscape/CY2017/2017 MA Landscape Source Files (v 10 18 16)/2017LandscapeSource file MA 10182016.xls",16216576,a4c0b9907b635a2248f35a107a1adebf
"raw/landscape/CY2017/2017 MA Landscape Source Files (v 10 18 16)/2017LandscapeSource file MA_AtoM 10182016.csv",2813848,b3d2af287268526e6f1fa1aa74eab23b
"raw/landscape/CY2017/2017 MA Landscape Source Files (v 10 18 16)/2017LandscapeSource file MA_NtoW 10182016.csv",3411415,eb5cd5a48736704927d91821d1bd30b3
"raw/landscape/CY2017/2017 MA Landscape Source Files (v 10 18 16)/2017LandscapeSource file MA_Sanctioned 10182016.csv",663282,4b47ebb823bc54bc823350dad5b85b2d
"raw/landscape/CY2017/2017 MMP Landscape Source Files (v 10 18 16).zip",317055,389b051451fc1baa364a4c264e23f161
"raw/landscape/CY2017/2017 PDP Landscape Source Files (v 10 18 16).zip",92412,693635e00f17e7bf2c003b41eb9de8b2
"raw/landscape/CY2017/2017 Plan and Premium Information for Medicare Plans Offering Part D Coverage (v4 10 18 16).zip",3095109,6fa12ba5c6bc091f9e86c3a28cbe79f7
"raw/landscape/CY2017/2017 SNP Landscape Source Files (v 10 18 16).zip",791062,eb96602ba7ddc89c2fe3bc3e15d1348e
"raw/landscape/CY2017/2017 SNP Landscape Source Files (v 10 18 16)/2017LandscapeSource file SNP 10182016.csv",1525636,e9ed413fc780a3f2ce6293af1b1bf299
"raw/landscape/CY2017/2017 SNP Landscape Source Files (v 10 18 16)/2017LandscapeSource file SNP Sanctioned 10182016.csv",49455,70ab21e318542fb6b52463e66a65f651
"raw/landscape/CY2017/2017 SNP Landscape Source Files (v 10 18 16)/2017LandscapeSource file SNP10182016.xls",3842560,083aedea4066db8e7e28f4be3d67d237
"raw/landscape/CY2018/2018 MA Landscape Source Files (v 10 14 17).zip",3837566,9c58bfbe8cb8964cee217e83e503b51b
"raw/landscape/CY2018/2018 MA Landscape Source Files (v 10 14 17)/2018LandscapeSource file MA 10142017.xls",19419648,294a7713b13030701e181a812502765f
"raw/landscape/CY2018/2018 MA Landscape Source Files (v 10 14 17)/2018LandscapeSource file MA_AtoM 10142017.csv",2689453,60807903015e71b8a2801dfcc36057a9
"raw/landscape/CY2018/2018 MA Landscape Source Files (v 10 14 17)/2018LandscapeSource file MA_NtoW 10142017.csv",3720122,625df4b4f3532026830777b4ed87f06f
"raw/landscape/CY2018/2018 MA Landscape Source Files (v 10 14 17)/2018LandscapeSource file MA_Sanctioned 10142017.csv",575388,05ee548905205538867974ed12c4e2e0
"raw/landscape/CY2018/2018 MMP Landscape Source Files (v 10 14 17).zip",300994,273116443c08136a44a9de1933597816
"raw/landscape/CY2018/2018 PDP Landscape Source Files (v 10 14 17).zip",110463,049f340479aa3a559cef87e087bd77fb
"raw/landscape/CY2018/2018 Plan and Premium Information for Medicare Plans Offering Part D Coverage (v9 22 17).zip",3359428,17b9b600ae428ec095cbd69dbc734d86
"raw/landscape/CY2018/2018 SNP Landscape Source Files (v 10 14 17).zip",965386,ee36e87edbc461021a193fb3aa5e4bda
"raw/landscape/CY2018/2018 SNP Landscape Source Files (v 10 14 17)/2018LandscapeSource file SNP 10142017.csv",1913705,ca71ef7da5b46d6b6fdb5d6e5dfde8fd
"raw/landscape/CY2018/2018 SNP Landscape Source Files (v 10 14 17)/2018LandscapeSource file SNP 10142017.xls",4744192,954c37a2097da44af194270879f7a4a2
"raw/landscape/CY2018/2018 SNP Landscape Source Files (v 10 14 17)/2018LandscapeSource file SNP Sanctioned 10142017.csv",9635,d34576b98901c6e13e8b8279a591dbec
"raw/landscape/CY2019/2019 MA Landscape Source Files (v 10 12 18).zip",5917939,942bb0ef80737341668673c25fe44313
"raw/landscape/CY2019/2019 MA Landscape Source Files (v 10 12 18)/2019LandscapeSource file MA 10122018.xls",30433280,8c85c46d03c46eb553ed6f1094f240e6
"raw/landscape/CY2019/2019 MA Landscape Source Files (v 10 12 18)/2019LandscapeSource file MA_AtoM 10122018.csv",2846593,d28b82851f97c584133afd4707e04397
"raw/landscape/CY2019/2019 MA Landscape Source Files (v 10 12 18)/2019LandscapeSource file MA_NtoW 10122018.csv",4045503,9191a5df78427c9d7acd0ce98669eb88
"raw/landscape/CY2019/2019 MA Landscape Source Files (v 10 12 18)/2019LandscapeSource file MA_Sanctioned 10122018.csv",575387,405b6f26d21af04f4a451c548a0f5f5a
"raw/landscape/CY2019/2019 MMP Landscape Source Files (v 10 12 18).zip",300122,8c2021f2050ac11696d5d9c77b05a781
"raw/landscape/CY2019/2019 PDP Landscape Source Files (v 10 12 18).zip",102951,3d62db00e6a04c895435933bbd30173e
"raw/landscape/CY2019/2019 Plan and Premium Information for Medicare Plans Offering Part D Coverage (v10 12 18).zip",3810038,70d8a5f5fd47136bbe5846a6c6c48933
"raw/landscape/CY2019/2019 SNP Landscape Source Files (v 10 12 18).zip",1113124,e300058d1b29eef59327accc7ec07465
"raw/landscape/CY2019/2019 SNP Landscape Source Files (v 10 12 18)/2019LandscapeSource file SNP 10122018.csv",2248969,14106038f6b8ee19cb7f26e8b847cca3
"raw/landscape/CY2019/2019 SNP Landscape Source Files (v 10 12 18)/2019LandscapeSource file SNP Sanctioned 10122018.csv",9633,7a96a803f0023da4d1a12dcb3897dab1
"raw/landscape/CY2019/2019 SNP Landscape Source Files (v 10 12 18)/2019LandscapeSource file SNP10122018.xls",5456896,d45a87b4b1a655f03b177bd45215f2e0
"raw/landscape/CY2020/2020 MA Landscape Source Files (v 10 15 19).zip",7617862,85a26711b161672c286ae63179ad0ec7
"raw/landscape/CY2020/2020 MA Landscape Source Files (v 10 15 19)/2020LandscapeSource file MA 10152019 v3.xls",38520832,5c4d8641e5f66ed1baf912199b414423
"raw/landscape/CY2020/2020 MA Landscape Source Files (v 10 15 19)/2020LandscapeSource file MA_AtoM 10152019.csv",3443616,f02e0e032dc351f47859e7179fa86434
"raw/landscape/CY2020/2020 MA Landscape Source Files (v 10 15 19)/2020LandscapeSource file MA_NtoW 10152019.csv",3831955,8634a8ade6a057e8226199912d14293e
"raw/landscape/CY2020/2020 MA Landscape Source Files (v 10 15 19)/2020LandscapeSource file MA_Sanctioned 10152019.csv",576641,612d6d0120cab6e4e24813db3f74b3f9
"raw/landscape/CY2020/2020 MMP Landscape Source Files (v 10 15 19).zip",312722,807d539e334aecae75451964ca7b9486
"raw/landscape/CY2020/2020 PDP Landscape Source Files (v 10 15 19).zip",116128,cc681019675c5372f5a65f124b30efed
"raw/landscape/CY2020/2020 Plan and Premium Information for Medicare Plans Offering Part D Coverage (v9 03 19).zip",4367966,25613113cf6001a605ca82f34ece0a8a
"raw/landscape/CY2020/2020 SNP Landscape Source Files (v 10 15 19).zip",1369342,5196736d3699948814277bdd2329d326
"raw/landscape/CY2020/2020 SNP Landscape Source Files (v 10 15 19)/2020LandscapeSource file SNP 10152019.csv",2753385,149ef35042a3eae44e877e0f9fa27ed4
"raw/landscape/CY2020/2020 SNP Landscape Source Files (v 10 15 19)/2020LandscapeSource file SNP Sanctioned 10152019.csv",48473,c98ae110be9d47ba70f8e7047644118b
"raw/landscape/CY2020/2020 SNP Landscape Source Files (v 10 15 19)/2020LandscapeSource file SNP10152019 v3.xls",6709248,557263bbcb5827f9de04c1c8585f6052
"raw/landscape/CY2021/2021 MA Landscape Source Files (v 10 15 20).zip",11008219,63dff01bd791ca6e588b6257b10aaf6c
"raw/landscape/CY2021/2021 MA Landscape Source Files (v 10 15 20)/2021LandscapeSource file MA 10152020.xls",53018624,64d2fb2c9d1794760c85a761e631247b
"raw/landscape/CY2021/2021 MA Landscape Source Files (v 10 15 20)/2021LandscapeSource file MA_AtoM 10152020.csv",4207599,811e3c8ea4e31e9c69b320c34980397e
"raw/landscape/CY2021/2021 MA Landscape Source Files (v 10 15 20)/2021LandscapeSource file MA_NtoW 10152020.csv",4541499,ec17cee6cbd4e7e558a445f6a5109ea5
"raw/landscape/CY2021/2021 MA Landscape Source Files (v 10 15 20)/2021LandscapeSource file MA_Sanctioned 10152020.csv",5608,27c0a6b6fd446eca855bdb2054a91ea3
"raw/landscape/CY2021/2021 MMP Landscape Source Files (v 10 15 20).zip",316495,a343c7daf0fc3ee035c2dfcc65f6cee2
"raw/landscape/CY2021/2021 PDP Landscape Source Files (v 10 15 20).zip",120359,92fd19689b42a50a4d81eb71e370d512
"raw/landscape/CY2021/2021 Plan and Premium Information for Medicare Plans Offering Part D Coverage (v9 08 20).zip",5068326,086266c75f779568e5ad694566782097
"raw/landscape/CY2021/2021 SNP Landscape Source Files (v 10 15 20).zip",1707842,b20ec47728f005e4da1d9915942b37d6
"raw/landscape/CY2021/2021 SNP Landscape Source Files (v 10 15 20)/2021LandscapeSource file SNP 10152020.csv",3436993,e118a49fba0a039d7f4fc3b710bd2ed9
"raw/landscape/CY2021/2021 SNP Landscape Source Files (v 10 15 20)/2021LandscapeSource file SNP 10152020.xls",8394240,0d941d5be7f095e18ae8cbe30afd67df
"raw/landscape/CY2021/2021 SNP Landscape Source Files (v 10 15 20)/2021LandscapeSource file SNP Sanctioned 10152020.csv",9635,2a19aa5e380539a19a7c5d565dd50395
"raw/landscape/CY2022/2022 MA Landscape Source Files (v 10 26 21).zip",13364286,31bc73a4531bd62c2f303124c2cb1cd8
"raw/landscape/CY2022/2022 MA Landscape Source Files (v 10 26 21)/2022LandscapeSource file MA 10262021.xls",63752192,01d48d52ba7204814afac0efdc0083e0
"raw/landscape/CY2022/2022 MA Landscape Source Files (v 10 26 21)/2022LandscapeSource file MA_AtoM 10262021.csv",5016751,5c784baccfc39348eab89eef537b51d4
"raw/landscape/CY2022/2022 MA Landscape Source Files (v 10 26 21)/2022LandscapeSource file MA_NtoW 10262021.csv",5366553,32dfac98a188e1b043ff8b93aaf8fe6d
"raw/landscape/CY2022/2022 MA Landscape Source Files (v 10 26 21)/2022LandscapeSource file MA_Sanctioned 10262021.csv",47105,7de1e41df5253054c0c969c45e9c526c
"raw/landscape/CY2022/2022 MMP Landscape Source Files (v 10 26 21).zip",360981,c96cff090a839f6cb322a37e8ae19152
"raw/landscape/CY2022/2022 PDP Landscape Source Files (v 10 26 21).zip",134321,ce5e819270ee37233dd1e7c42b4bb412
"raw/landscape/CY2022/2022 Plan and Premium Information for Medicare Plans Offering Part D Coverage (v10 26 21).zip",6040579,fcc0f3f2ed4974be26ee793a96e1d55d
"raw/landscape/CY2022/2022 SNP Landscape Source Files (v 10 26 21).zip",1539497,6704936b9f1284cc982d540171b3540f
"raw/landscape/CY2022/2022 SNP Landscape Source Files (v 10 26 21)/2022LandscapeSource file SNP 10262021.csv",4563314,83f59c1b02d1c0195ddba6879b8c3e6b
"raw/landscape/CY2022/2022 SNP Landscape Source Files (v 10 26 21)/2022LandscapeSource file SNP10262021.xls",7160320,68f03bd9f9abaf877f58a67bac6b9597
"raw/landscape/CY2022/2022 SNP Landscape Source Files (v 10 26 21)/2022LandscapeSource file SNP_Sanctioned 10212021.csv",61428,d884b0bf15d2ab328e17440da68e0bf3
"raw/landscape/CY2023/2023 MA Landscape Source File (v 10 14 2022).zip",17914807,6a3a3d57698da264302d90a6b56ea805
"raw/landscape/CY2023/2023 MA Landscape Source File (v 10 14 2022)/2023LandscapeSource file MA 10142022_Final.xls",84934656,48ea81cd82d449d4c50de9a34b67bf00
"raw/landscape/CY2023/2023 MA Landscape Source File (v 10 14 2022)/2023LandscapeSource file MA Sanction 10142022.csv",6815,c9e379e193594837ca5db2abdade32cf
"raw/landscape/CY2023/2023 MA Landscape Source File (v 10 14 2022)/2023LandscapeSource file MA_AtoM 10142022.csv",6137349,abbf9e5d1c7a0a3af5cb076cd202d83b
"raw/landscape/CY2023/2023 MA Landscape Source File (v 10 14 2022)/2023LandscapeSource file MA_NtoW 10142022.csv",6333999,a9d3b8326b1122df4432ffc5ca3543b9
"raw/landscape/CY2023/2023 MMP Landscape Source File (v 10 14 2022).zip",313401,3bb343630444193933691bde3c6a8f64
"raw/landscape/CY2023/2023 PDP Landscape Source File (v 10 14 2022).zip",111146,eaf266ea5b5aa6607bc18279166ad3e0
"raw/landscape/CY2023/2023 Plan and Premium Information for Medicare Plans Offering Part D Coverage (v 10 14 2022).zip",7240174,95dd435a32a9e571a92ac6a4dce9b04a
"raw/landscape/CY2023/2023 SNP Landscape Source File (v 10 14 2022).zip",2108829,d786dcd01ef1c948ce49aba31197d525
"raw/landscape/CY2023/2023 SNP Landscape Source File (v 10 14 2022)/2023LandscapeSource file SNP 10142022.csv",5631150,1d2cfa844b47ee140dc38b4bc2f4ed37
"raw/landscape/CY2023/2023 SNP Landscape Source File (v 10 14 2022)/2023LandscapeSource file SNP 10142022_Final.xls",9916928,9bb5d894faceca8bd4a05e18e258f110
"raw/landscape/CY2023/2023 SNP Landscape Source File (v 10 14 2022)/2023LandscapeSource file SNP Sanction 10142022.csv",77758,83e462ab1c1c3d091e79510628379d3b
"raw/landscape/CY2024/csv version/CY2024_Landscape_MA_20240723.csv",13076828,6fff717c974fc22d36f52c495e0bd0f2
"raw/landscape/CY2024/csv version/CY2024_Landscape_MMP_20240628.csv",120908,7ae509b8cb59073b05a4b6843a104cdd
"raw/landscape/CY2024/csv version/CY2024_Landscape_PDP_20240628.csv",104893,e6ab4965be7b4cd800b48dd4c43722ad
"raw/landscape/CY2024/csv version/CY2024_Landscape_SNP_20240710.csv",6637349,4463aa1ebe4b3d033dc5f6bd79adf580
"raw/landscape/CY2024/csv version/CY2024_Plan_Premium_Report_20240723.csv",23586801,041cdd491f72d7dc12bdaf5c02560ca1
"raw/landscape/CY2024/csv version/sanctioned plans/CY2024_Landscape_MA_sanctioned_20240628.csv",51270,554a48eaf4ec3c2721999e15b2e9b090
"raw/landscape/CY2024/csv version/sanctioned plans/CY2024_Landscape_PDP_sanctioned_20240628.csv",5771,830fa19b65dc5399074f9e72e0869356
"raw/landscape/CY2024/csv version/sanctioned plans/CY2024_Landscape_SNP_sanctioned_20240628.csv",32522,c0225429ec219a3d834fca0cba525fba
"raw/landscape/CY2024/csv version/sanctioned plans/CY2024_Plan_Premium_Report_sanctioned_20240628.csv",115729,8c9c54f5f7338c182795e3af1d090b9e
"raw/landscape/CY2024/xlsb version/CY2024_Landscape_MA_20240723.xlsb",10168692,3cfeb925bce4a39fe0331b0507e7b7b9
"raw/landscape/CY2024/xlsb version/CY2024_Landscape_MMP_20240628.xlsb",21022,648ecedac09b230c045abb8a56a075fd
"raw/landscape/CY2024/xlsb version/CY2024_Landscape_PDP_20240628.xlsb",65565,0bd4601925a6ee7810587806e14b0ab4
"raw/landscape/CY2024/xlsb version/CY2024_Landscape_SNP_20240710.xlsb",714420,b86d12a3932be0fd1b7bfff50b70ed1f
"raw/landscape/CY2024/xlsb version/CY2024_Plan_Premium_Report_20240723.xlsb",3122097,bedffd1a06a12bcb411fc854eb06b544
"raw/landscape/CY2025/CY2025_Landscape_202506.1.csv",75692298,1341d59b9c8029d89db1f86637c996ff
"raw/landscape/CY2025/CY2025_Landscape_202506.1.xlsb",8864192,b4f392e5a3b5ae8041e6fa87f01caee6
"raw/landscape/CY2025/CY2025_Landscape_readme.txt",11339,d35eb2ba2ef8e169219ab506cedba6de
"raw/landscape/CY2026/CY2026_Landscape_202509.csv",77282226,35948cfea008d527ed9e6166f69b814a
"raw/landscape/CY2026/CY2026_Landscape_202509.xlsb",9401225,1a1a2339b6f877872f3fd708ef7ae481
"raw/landscape/CY2026/CY2026_Landscape_ReadMe.txt",11377,267619ee9180032338f8d3f461c77f92
"raw/penetration/State_County_Penetration_MA_2018_12/Read_Me_State_County_Penetration_MA_2020.txt",5263,0f011b457dd710adc6323a1da06e02aa
"raw/penetration/State_County_Penetration_MA_2018_12/State_County_Penetration_MA_2018_12.csv",271325,099aa3575f6e77045e356f43d2809975
"raw/penetration/state-county-penetration-ma-2018-12.zip",84774,c294725cc7c3a713d485e4340dab8e7a
"raw/plan crosswalk/2019_plan_crosswalk_readme.pdf",224400,e98ba41176bff80b41835391c0adaa19
"raw/plan crosswalk/2020_plan_crosswalk_readme.pdf",40785,13466b6e8e090e6e18ef8e7acf9bd06a
"raw/plan crosswalk/2021_plan_crosswalk_readme.pdf",40699,f729b036fa05ab6131ea797ff3dab160
"raw/plan crosswalk/2022_plan_crosswalk_readme.pdf",167664,39ae3b1b41842237e6874c4f48b2f01a
"raw/plan crosswalk/2023_plan_crosswalk_readme.pdf",142533,effc6f6b857c02c4cca3d4e5b531e6c6
"raw/plan crosswalk/2024_plan_crosswalk_readme.pdf",608118,3558aadb8af35d5f7be93a8cb9a810b6
"raw/plan crosswalk/2025_plan_crosswalk_readme.pdf",2208298,190de5c6a852d33b4896c90b03822703
"raw/plan crosswalk/2026_plan_crosswalk_readme.pdf",309163,ee549c748d15a5d65c95c14629855992
"raw/plan crosswalk/PlanCrosswalk2019_10012018.txt",688326,230c77c34ca8038c9f4eab1c349760d8
"raw/plan crosswalk/PlanCrosswalk2019_10012018.xlsx",271846,fa16ee296e3fb010a6732131646412e1
"raw/plan crosswalk/PlanCrosswalk2020_10022019.txt",800075,e5d429458bbb965ebd4142df828c76af
"raw/plan crosswalk/PlanCrosswalk2020_10022019.xlsx",312778,dbcb629d7c240ce3cb8a2d88bdbce907
"raw/plan crosswalk/PlanCrosswalk2021_10222020.txt",883612,f2430c2ff974a489fdb0f8d0d856a4c5
"raw/plan crosswalk/PlanCrosswalk2021_10222020.xlsx",336484,7e526d3d7e32205ddb9294cbdd665ca3
"raw/plan crosswalk/PlanCrosswalk2022_10042021.txt",962519,bbd65f5344ec363dca7135a019ea01bc
"raw/plan crosswalk/PlanCrosswalk2022_10042021.xlsx",363935,b3fc94f24363568447e55140d2d556dd
"raw/plan crosswalk/PlanCrosswalk2023_10032022.txt",1034819,790d0ef6103f2c8a9332d9f236d17eb7
"raw/plan crosswalk/PlanCrosswalk2023_10032022.xlsx",387928,1055b1925b05c4f8d420743fcb4dad82
"raw/plan crosswalk/PlanCrosswalk2024_09282023.txt",1078239,c9cf8f340740d1599fa73cd50dbd6c40
"raw/plan crosswalk/PlanCrosswalk2024_09282023.xlsx",400824,9ab3bc281a0dc302b4374c9a84b29d77
"raw/plan crosswalk/PlanCrosswalk2024_10012024.txt",1091690,92fa6239a46b1023cc331067272ac259
"raw/plan crosswalk/PlanCrosswalk2024_10012024.xlsx",409555,0477e4ede40f54a07b74cdfaddf4595a
"raw/plan crosswalk/PlanCrosswalk2026_10012025.txt",1092295,a115618c28ba7e637b7fa2a21c824063
"raw/plan crosswalk/PlanCrosswalk2026_10012025.xlsx",409810,901aa95c80ae8537ff8e1550e65a8e76
"raw/plan crosswalk/plan-crosswalk-2019.zip",439474,443c3c0496d9ba85000271a5918a7465
"raw/plan crosswalk/plan-crosswalk-2020.zip",411231,18c1394f5ef4cc7f73bb0d6f78c7e663
"raw/plan crosswalk/plan-crosswalk-2022.zip",557608,80f7847f9587bd617db98500e158457f
"raw/plan crosswalk/plan-crosswalk-2023.zip",614582,3da53514d46521457a3d83d4fce42923
"raw/plan crosswalk/plan-crosswalk-2024.zip",964497,4f945a929b92c86eb449d2a1b67057dc
"raw/plan crosswalk/plan-crosswalk-2025.zip",2089986,1b071e08901ed83cdbef9d0d02736616
"raw/plan crosswalk/plan-crosswalk-2026.zip",782432,6dc8f92cfee972492dfcd2e9d722ff09
"raw/plan crosswalk/plancrosswalk-2021.zip",444247,23bcc96c895e7489a8fae9b7db3b2838
"raw/ratebook/countyrate2018.csv",199492,67c4749587a79b4fb81974da6a60b0bb
"raw/ratebook/countyrate2019.csv",200441,1076cc0f8e5f27bf3bb8861561521939
"raw/ratebook/countyrate2020.csv",203376,b345316d9bd72b2729a53e13869d50ba
"raw/ratebook/countyrate2021.csv",227022,960c3e03aafd974f981ae2d9563b40c0
"raw/ratebook/countyrate2022.csv",235108,1f7c2d32d1e4802f8205e0a6b17cc898
"raw/ratebook/countyrate2023.csv",237176,d78e2f99c041740cfabe79c012e15d01
"raw/ratebook/countyrate2024.csv",237847,459673151af64a036f447cb5f4b650f7
"raw/ratebook/countyrate2025.csv",237417,64c6ed2ffc5749b41fd2522d1a509539
